Symbol,Entry Time,Exit Time,Exit Reason,Underlying Entry Price,Underlying Exit Price,Call Strike,Put Strike,Call Entry Premium,Put Entry Premium,Total Premium Collected,Call Exit Premium,Put Exit Premium,Entry Slippage,Exit Slippage,Total Slippage Paid,Fees Paid,Call SL Hit,Put SL Hit,Trade Duration (hours),Net PnL
BTCUSDT,2025-08-23 08:00:00,2025-08-30 08:00:00,Expiry,115714.0,108518.5,127300.0,104100.0,627.9046924507511,439.4015050155522,1067.3061974663033,0.0,599.291239668717,85.38449579730427,47.943299173497365,133.32779497080162,135.74775,False,True,168.0,198.93941282678463
BTCUSDT,2025-08-30 09:00:00,2025-09-06 09:00:00,Expiry,108476.5,110653.0,119300.0,97600.0,593.0735967271594,413.12921542965523,1006.2028121568146,0.0,0.0,80.49622497254518,0.0,80.49622497254518,131.47769999999997,False,False,168.0,794.2288871842695
BTCUSDT,2025-09-06 10:00:00,2025-09-13 10:00:00,Expiry,110734.5,115883.0,121800.0,99700.0,603.4542692888062,429.26098162985363,1032.7152509186599,0.0,0.0,82.61722007349279,0.0,82.61722007349279,135.9705,False,False,168.0,814.127530845167
BTCUSDT,2025-09-13 11:00:00,2025-09-20 11:00:00,Expiry,115912.5,115834.5,127500.0,104300.0,631.1353206623717,442.49722705940076,1073.6325477217724,0.0,0.0,85.8906038177418,0.0,85.8906038177418,139.0482,False,False,168.0,848.6937439040306
BTCUSDT,2025-09-20 12:00:00,2025-09-27 12:00:00,Expiry,115820.0,109355.5,127400.0,104200.0,630.4266511928563,440.3103139087525,1070.7369651016088,0.0,574.6389072719685,85.6589572081287,45.97111258175748,131.6300697898862,136.0281,False,True,168.0,228.43988803975424
BTCUSDT,2025-09-27 13:00:00,2025-10-04 13:00:00,Expiry,109265.0,122336.0,120200.0,98300.0,593.529072084033,415.1009754497627,1008.6300475337957,806.6343964205771,0.0,80.69040380270366,64.53075171364617,145.22115551634982,135.89579999999998,True,False,168.0,-79.1213044031312
BTCUSDT,2025-10-04 14:00:00,2025-10-11 14:00:00,Expiry,121943.5,111934.5,134100.0,109700.0,667.9631880740635,462.59266466518056,1130.555852739244,898.6567221492369,0.0,90.44446821913954,71.89253777193895,162.33700599107848,143.9502,True,False,168.0,-74.38807540107126
BTCUSDT,2025-10-11 15:00:00,2025-10-12 19:00:00,Call SL Hit,111744.5,114288.5,122900.0,100600.0,610.2429381488782,432.13974390250223,1042.3826820513805,810.8666547304383,575.8194799024586,83.39061456411045,110.93489077063175,194.32550533474222,134.3919,True,True,28.0,-673.0208579162587
BTCUSDT,2025-10-12 20:00:00,2025-10-19 20:00:00,Expiry,114864.0,108784.5,126400.0,103400.0,619.1953405679433,443.27605835662325,1062.4713989245665,0.0,582.2187881827103,84.99771191396533,46.57750305461683,131.57521496858215,135.13424999999998,False,True,168.0,213.54314577327403
BTCUSDT,2025-10-19 21:00:00,2025-10-26 21:00:00,Expiry,108667.0,113458.0,119500.0,97800.0,595.2358016125254,416.99147213592914,1012.2272737484545,812.3412838770892,0.0,80.97818189987638,64.98730271016713,145.96548461004352,132.34844999999999,True,False,168.0,-78.42794473867815
BTCUSDT,2025-10-26 22:00:00,2025-11-02 22:00:00,Expiry,114631.5,109861.0,126100.0,103200.0,623.0979572572687,443.4069163918757,1066.5048736491444,0.0,736.8704749046265,85.32038989193155,58.94963799237012,144.27002788430167,134.29485,False,True,168.0,51.06952086021629
BTCUSDT,2025-11-02 23:00:00,2025-11-09 23:00:00,Expiry,110495.0,104671.0,121500.0,99400.0,606.4570736680289,419.05767237784676,1025.5147460458757,0.0,570.2590673908398,82.04117968367005,45.620725391267186,127.66190507493724,130.38645,False,True,168.0,197.20732358009855
BTCUSDT,2025-11-10 00:00:00,2025-11-17 00:00:00,Expiry,106261.0,95260.0,116900.0,95600.0,576.6687718978301,403.96611705628857,980.6348889541187,0.0,538.0277510166543,78.4507911163295,43.042220081332346,121.49301119766184,123.25664999999998,False,True,168.0,197.85747673980248
BTCUSDT,2025-11-17 01:00:00,2025-11-24 01:00:00,Expiry,94732.5,87018.0,104200.0,85300.0,516.1269657002904,368.05396949230453,884.1809351925949,0.0,526.7944583234876,70.7344748154076,42.143556665879004,112.8780314812866,110.75954999999999,False,True,168.0,133.74889538782074
BTCUSDT,2025-11-24 02:00:00,2025-11-24 20:00:00,Call SL Hit,87478.0,89094.0,96200.0,78700.0,479.0139174283395,332.3995362042988,811.4134536326383,631.8310191687196,478.8229038790905,64.91307629061106,88.85231384382482,153.76539013443588,104.9892,True,True,18.0,-557.995059549608
BTCUSDT,2025-11-24 21:00:00,2025-12-01 21:00:00,Expiry,88713.5,86387.0,97600.0,79800.0,480.9276697273017,335.8383355909373,816.766005318239,0.0,442.23402040600376,65.34128042545912,35.3787216324803,100.72000205793941,105.34815,False,True,168.0,168.46383285429576
BTCUSDT,2025-12-01 22:00:00,2025-12-08 22:00:00,Expiry,86529.0,90789.0,95200.0,77900.0,468.69677547376523,334.70445131514316,803.4012267889084,839.1687964925186,0.0,64.27209814311267,67.13350371940149,131.40560186251417,105.91409999999999,True,False,168.0,-273.0872715661244
BTCUSDT,2025-12-08 23:00:00,2025-12-15 23:00:00,Expiry,90600.5,86389.5,99700.0,81500.0,488.36042679135426,343.264511393425,831.6249381847792,714.9969348464656,0.0,66.52999505478235,57.19975478771725,123.72974984249959,108.05715,True,False,168.0,-115.15889650418602
BTCUSDT,2025-12-16 00:00:00,2025-12-23 00:00:00,Expiry,85807.5,88732.5,94400.0,77200.0,465.5134976749505,326.3656853164093,791.8791829913598,622.7667647788203,0.0,63.350334639308784,49.82134118230562,113.1716758216144,104.26695,True,False,168.0,-48.32620760907493
BTCUSDT,2025-12-23 01:00:00,2025-12-30 01:00:00,Expiry,88471.5,87283.0,97300.0,79600.0,483.5770360815677,336.8511227738709,820.4281588554386,0.0,463.5576940747633,65.63425270843508,37.084615525981064,102.71886823441615,105.31965,False,True,168.0,148.83194654625922
BTCUSDT,2025-12-30 02:00:00,2026-01-06 02:00:00,Expiry,87073.0,93587.0,95800.0,78400.0,471.4697966826352,337.9449529890553,809.4147496716905,682.435682741303,0.0,64.75317997373524,54.59485461930424,119.34803459303949,106.96589999999999,True,False,168.0,-99.33486766265192
BTCUSDT,2026-01-06 03:00:00,2026-01-13 03:00:00,Expiry,93725.5,91380.5,103100.0,84400.0,509.7442192776525,364.8902246662783,874.6344439439308,0.0,558.3616961170228,69.97075551551447,44.668935689361824,114.6396912048763,111.114,False,True,168.0,90.51905662203174
BTCUSDT,2026-01-13 04:00:00,2026-01-20 04:00:00,Expiry,91485.5,92019.5,100600.0,82300.0,501.7924301525909,347.04192946367584,848.8343596162667,747.0898424251645,0.0,67.90674876930134,59.76718739401316,127.67393616331451,110.51714999999999,True,False,168.0,-136.44656897221228
BTCUSDT,2026-01-20 05:00:00,2026-01-27 05:00:00,Expiry,91590.5,88424.5,100700.0,82400.0,504.1971336674651,348.0447719872718,852.2419056547369,0.0,458.9552751613428,68.17935245237895,36.71642201290742,104.89577446528637,108.52229999999999,False,True,168.0,179.86855602810778
BTCUSDT,2026-01-27 06:00:00,2026-02-03 06:00:00,Expiry,88293.5,78557.5,97100.0,79500.0,483.10330313740997,342.8006233439064,825.9039264813164,0.0,488.26610196535876,66.0723141185053,39.0612881572287,105.133602275734,102.00975,False,True,168.0,130.4944722402236
BTCUSDT,2026-02-03 07:00:00,2026-02-10 07:00:00,Expiry,78716.0,68876.5,86600.0,70800.0,426.85183016448536,297.2303157896613,724.0821459541467,0.0,447.2504473775043,57.92657167633173,35.780035790200344,93.70660746653208,91.04249999999999,False,True,168.0,92.08259111011029
BTCUSDT,2026-02-10 08:00:00,2026-02-17 08:00:00,Expiry,69092.0,68140.0,76000.0,62200.0,376.07953766466744,267.04758267157376,643.1271203362412,0.0,377.5699642367799,51.450169626899296,30.205597138942395,81.65576676584169,82.15979999999999,False,True,168.0,101.74158933361961
BTCUSDT,2026-02-17 09:00:00,2026-02-24 09:00:00,Expiry,68087.5,63207.0,74900.0,61300.0,370.03349526168313,263.64118339822016,633.6746786599033,0.0,389.92314018472825,50.69397429279226,31.19385121477826,81.88782550757053,79.86855,False,True,168.0,81.99516296760453
BTCUSDT,2026-02-24 10:00:00,2026-03-03 10:00:00,Expiry,63250.0,66810.0,69600.0,56900.0,341.2298346257212,239.9926443300019,581.2224789557231,469.26812855005664,0.0,46.497798316457846,37.54145028400453,84.03924860046237,77.2638,True,False,168.0,-49.34869819479594
BTCUSDT,2026-03-03 11:00:00,2026-03-10 11:00:00,Expiry,67000.5,70583.0,73700.0,60300.0,364.6231469258237,257.07408090047375,621.6972278262974,522.042757066898,0.0,49.7357782261038,41.76342056535184,91.49919879145564,81.81644999999999,True,False,168.0,-73.66117803205621
BTCUSDT,2026-03-10 12:00:00,2026-03-17 12:00:00,Expiry,70486.5,73714.5,77500.0,63400.0,387.6683555858581,266.3631445002311,654.0315000860892,521.3901051191751,0.0,52.32252000688713,41.71120840953401,94.03372841642114,85.83059999999999,True,False,168.0,-47.22293344950698
BTCUSDT,2026-03-17 13:00:00,2026-03-18 14:00:00,Both SL Hit,73571.5,71123.0,80900.0,66200.0,403.68493154433963,280.76554816565294,684.4504797099926,545.3965623784043,494.38125480575036,54.7560383767994,83.18222537473237,137.93826375153176,87.87089999999999,True,True,25.0,-581.1365012256938
BTCUSDT,2026-03-18 15:00:00,2026-03-25 15:00:00,Expiry,71449.5,70803.5,78600.0,64300.0,388.1156898670324,273.697041309827,661.8127311768594,0.0,361.2215923877775,52.945018494148755,28.8977273910222,81.84274588517096,85.1595,False,True,168.0,133.58889290391105
BTCUSDT,2026-03-25 16:00:00,2026-04-01 16:00:00,Expiry,71305.5,68783.5,78400.0,64200.0,392.2309648117407,276.4114736518259,668.6424384635666,0.0,380.49461050598075,53.49139507708533,30.43956884047846,83.93096391756379,84.41475,False,True,168.0,119.80211404002193
BTCUSDT,2026-04-01 17:00:00,2026-04-08 17:00:00,Expiry,68239.5,71849.0,75100.0,61400.0,367.03398498419483,260.17218987148226,627.2061748556771,0.0,394.04007706429184,50.17649398845417,31.523206165143346,81.69970015359752,82.54499999999999,False,True,168.0,68.92139763778775
BTCUSDT,2026-04-08 18:00:00,2026-04-15 18:00:00,Expiry,71064.5,74358.0,78200.0,64000.0,383.2766540676075,277.3659374001081,660.6425914677156,504.23104078350843,0.0,52.851407317417255,40.338483262680676,93.18989058009794,86.94045,True,False,168.0,-23.718789895890712
BTCUSDT,2026-04-15 19:00:00,2026-04-17 13:00:00,Call SL Hit,75119.5,77370.0,82600.0,67600.0,412.4384098425562,287.4517240225023,699.8901338650585,568.0428137322197,387.1737261907292,55.99121070920468,76.41732319383591,132.4085339030406,90.37544999999999,True,True,42.0,-478.1103899609309
BTCUSDT,2026-04-17 14:00:00,2026-04-24 14:00:00,Expiry,77821.5,77950.5,85600.0,70000.0,423.86544938372754,294.34666110839134,718.2121104921189,0.0,410.4926359821875,57.45696883936951,32.839410878575,90.29637971794452,92.91375,False,True,168.0,124.50934479198683
BTCUSDT,2026-04-24 15:00:00,2026-05-01 15:00:00,Expiry,77964.0,78268.5,85800.0,70200.0,419.5891038276004,302.77884122441174,722.3679450520121,0.0,0.0,57.78943560416097,0.0,57.78943560416097,93.73949999999999,False,False,168.0,570.8390094478511
BTCUSDT,2026-05-01 16:00:00,2026-05-08 16:00:00,Expiry,78238.5,79791.5,86100.0,70400.0,421.3092837562199,298.64272568762044,719.9520094438403,0.0,0.0,57.59616075550723,0.0,57.59616075550723,94.818,False,False,168.0,567.5378486883332
BTCUSDT,2026-05-08 17:00:00,2026-05-15 17:00:00,Expiry,80170.5,79461.5,88200.0,72200.0,434.7600717139703,312.82036435041937,747.5804360643897,0.0,0.0,59.80643488515118,0.0,59.80643488515118,95.77919999999999,False,False,168.0,591.9948011792386
BTCUSDT,2026-05-15 18:00:00,2026-05-22 18:00:00,Expiry,79256.0,76480.0,87200.0,71300.0,429.08874809042027,300.82603104670943,729.9147791371297,0.0,0.0,58.393182330970376,0.0,58.393182330970376,93.4416,False,False,168.0,578.0799968061594
BTCUSDT,2026-05-22 19:00:00,2026-05-29 19:00:00,Expiry,75801.0,73546.5,83400.0,68200.0,410.23145852821654,288.60470548781996,698.8361640160365,0.0,388.230597241758,55.90689312128292,31.058447779340643,86.96534090062356,89.89574999999999,False,True,168.0,133.74447587365495
BTCUSDT,2026-05-29 20:00:00,2026-06-05 20:00:00,Expiry,73673.0,61670.5,81000.0,66300.0,405.6154892515078,282.1037038423965,687.7191930939043,0.0,383.5699630013896,55.017535447512344,30.68559704011117,85.70313248762352,83.72805,False,True,168.0,134.71804760489115
BTCUSDT,2026-06-05 21:00:00,2026-06-08 00:00:00,Call SL Hit,61651.5,63606.0,67800.0,55500.0,337.4118651827448,238.10152021570502,575.5133853984498,439.93079793951256,335.72975056496307,46.041070831875984,62.05284388035805,108.09391471223404,74.26079999999999,True,True,51.0,-382.50187781825986
BTCUSDT,2026-06-08 01:00:00,2026-06-15 01:00:00,Expiry,63132.0,65431.0,69400.0,56800.0,348.8464313597633,240.21650193245023,589.0629332922135,0.0,369.1109787633068,47.125034663377086,29.52887830106454,76.65391296444163,75.81989999999999,False,True,168.0,67.4781415644652
BTCUSDT,2026-06-15 02:00:00,2026-06-22 02:00:00,Expiry,65384.0,64240.5,71900.0,58800.0,358.39878512165706,245.94337476320015,604.3421598848572,496.7291128761426,0.0,48.347372790788576,39.73832903009141,88.08570182087999,78.46034999999999,True,False,168.0,-58.93300481216538
BTCUSDT,2026-06-22 03:00:00,2026-06-23 08:00:00,Both SL Hit,63916.5,62374.0,70300.0,57500.0,348.73527127809757,242.56665522689127,591.3019265049888,508.82505475977086,325.13104671368274,47.304154120399104,66.7164881178763,114.02064223827539,76.60695,True,True,29.0,-433.2817672067401
BTCUSDT,2026-06-23 09:00:00,2026-06-30 09:00:00,Expiry,62446.0,59359.5,68700.0,56200.0,338.6759112823065,239.49108926100416,578.1670005433107,0.0,315.0466481466319,46.25336004346485,25.203731851730556,71.4570918951954,73.57079999999999,False,True,168.0,118.09246050148326
BTCUSDT,2026-06-30 10:00:00,2026-07-01 21:00:00,Call SL Hit,59292.5,60794.0,65200.0,53400.0,325.17820944842424,231.6147195113317,556.792928959756,428.84000010150885,330.5415210410338,44.54343431678048,60.750521691403414,105.2939560081839,71.32485,True,True,35.0,-379.20739819097054
BTCUSDT,2026-07-01 22:00:00,2026-07-02 12:00:00,Call SL Hit,60478.0,61529.5,66500.0,54400.0,332.10699814639884,228.78917064300094,560.8961687893998,443.05500057674,322.84311160060224,44.87169350315198,61.27184897418738,106.14354247733937,72.61695,True,True,14.0,-383.76243586528176
BTCUSDT,2026-07-02 13:00:00,2026-07-09 13:00:00,Expiry,61843.0,62914.5,68000.0,55700.0,339.7112198003615,241.90922956468512,581.6204493650466,0.0,0.0,46.52963594920374,0.0,46.52963594920374,74.8545,False,False,168.0,460.23631341584286
BTCUSDT,2026-07-09 14:00:00,2026-07-16 14:00:00,Expiry,62973.5,64450.0,69300.0,56700.0,339.2424531559391,244.30456514384878,583.5470182997879,442.39947694921466,0.0,46.68376146398303,35.391958155937175,82.0757196199202,76.30664999999999,True,False,168.0,-17.23482826934699
BTCUSDT,2026-07-16 15:00:00,2026-07-23 15:00:00,Expiry,64694.0,64888.5,71200.0,58200.0,347.7377932944437,245.57753563818096,593.3153289326247,0.0,323.3916067375203,47.46522631460998,25.871328539001624,73.3365548536116,77.40809999999999,False,True,168.0,119.1790673414928
BTCUSDT,2026-07-23 16:00:00,2026-07-30 16:00:00,Expiry,64750.0,64814.0,71200.0,58300.0,355.2562171684367,251.24942097155144,606.5056381399882,0.0,0.0,48.52045105119905,0.0,48.52045105119905,77.73839999999998,False,False,168.0,480.246787088789
BTCUSDT,2026-07-30 17:00:00,2026-08-06 17:00:00,Expiry,64917.0,64527.5,71400.0,58400.0,354.24377520266717,246.3569550865268,600.600730289194,0.0,331.13186611745823,48.048058423135515,26.490549289396657,74.53860771253217,77.4186,False,True,168.0,117.51165645920352
BTCUSDT,2026-08-06 18:00:00,2026-08-13 18:00:00,Expiry,64365.5,63236.5,70800.0,57900.0,350.46177380280824,243.84291881064655,594.3046926134548,0.0,0.0,47.54437540907638,0.0,47.54437540907638,76.5612,False,False,168.0,470.1991172043784
BTCUSDT,2026-08-13 19:00:00,2026-08-20 19:00:00,Expiry,63403.5,72548.0,69700.0,57100.0,350.16314491060075,247.4005236939538,597.5636686045546,672.9151947602768,0.0,47.80509348836436,53.83321558082214,101.6383090691865,80.6004,True,False,168.0,-257.5902352249088
